<productinfo>

<matlabrelease>12</matlabrelease>
<name>Robot Toolbox</name>
<area>matlab</area>
<icon>$toolbox/matlab/general/unknownicon.gif</icon>

<list>

<listitem>
<label>Help</label>
<callback>doc robot/</callback>
<icon>$toolbox/matlab/general/bookicon.gif</icon>
</listitem>

<listitem>
<label>Demos</label>
<callback>rtdemo</callback>
<icon>$toolbox/matlab/general/demoicon.gif</icon>
</listitem>

<listitem>
<label>Product Page (Web)</label>
<callback>web http://www.cat.csiro.au/cmst/staff/pic/robot/ -browser;</callback>
<icon>$toolbox/matlab/general/webicon.gif</icon>
</listitem>

</list>

</productinfo>
